{
  "task": "packet-level-classification",
  "sample_unit": "one_packet",
  "method": "mean",
  "inputs": [
    "/tmp/two_tower_runs/packet_level/vpn_app/fold0/packet_feature_test_probs_ipv46.npz",
    "/tmp/two_tower_runs/packet_level/vpn_app/fold1/packet_feature_test_probs_ipv46.npz",
    "/tmp/two_tower_runs/packet_level/vpn_app/fold2/packet_feature_test_probs_ipv46.npz"
  ],
  "metrics": {
    "num_samples": 111678,
    "accuracy": 0.9066244022994682,
    "macro_precision": 0.7910451942971417,
    "macro_recall": 0.8454681332927303,
    "macro_f1": 0.8112461556528934,
    "weighted_precision": 0.9164007797160756,
    "weighted_recall": 0.9066244022994682,
    "weighted_f1": 0.9091456295439738,
    "per_class": {
      "aim": {
        "label_id": 0,
        "precision": 0.12065439672801637,
        "recall": 0.213768115942029,
        "f1": 0.1542483660130719,
        "support": 276
      },
      "email": {
        "label_id": 1,
        "precision": 0.9138013371537727,
        "recall": 0.9777721001532959,
        "f1": 0.9447050111083684,
        "support": 3914
      },
      "facebook": {
        "label_id": 2,
        "precision": 0.5791313949208686,
        "recall": 0.6146484375,
        "f1": 0.5963615690733371,
        "support": 5120
      },
      "ftp": {
        "label_id": 3,
        "precision": 0.8983001172332943,
        "recall": 0.9720900729464003,
        "f1": 0.9337395277989338,
        "support": 3153
      },
      "gmail": {
        "label_id": 4,
        "precision": 0.5144230769230769,
        "recall": 0.9527397260273973,
        "f1": 0.6681075888568684,
        "support": 1460
      },
      "hangout": {
        "label_id": 5,
        "precision": 0.8859384429692215,
        "recall": 0.8575768197219301,
        "f1": 0.871526953217763,
        "support": 17118
      },
      "icq": {
        "label_id": 6,
        "precision": 0.8182751540041068,
        "recall": 0.7065602836879432,
        "f1": 0.758325404376784,
        "support": 1128
      },
      "netflix": {
        "label_id": 7,
        "precision": 0.9441725978647687,
        "recall": 0.9424955595026643,
        "f1": 0.9433333333333334,
        "support": 4504
      },
      "scp": {
        "label_id": 8,
        "precision": 0.9038086994157108,
        "recall": 0.9946415813288878,
        "f1": 0.9470521541950113,
        "support": 8398
      },
      "sftp": {
        "label_id": 9,
        "precision": 0.9982747052621489,
        "recall": 0.9542789078248122,
        "f1": 0.9757811402070549,
        "support": 10914
      },
      "skype": {
        "label_id": 10,
        "precision": 0.9645407237080963,
        "recall": 0.8340309753034743,
        "f1": 0.8945507604242662,
        "support": 19112
      },
      "spotify": {
        "label_id": 11,
        "precision": 0.6911196911196911,
        "recall": 0.7991071428571429,
        "f1": 0.7412008281573499,
        "support": 896
      },
      "torrent": {
        "label_id": 12,
        "precision": 1.0,
        "recall": 0.9979661568499837,
        "f1": 0.998982043242803,
        "support": 24584
      },
      "vimeo": {
        "label_id": 13,
        "precision": 0.7635163021048287,
        "recall": 0.9073075036782736,
        "f1": 0.8292245629762438,
        "support": 2039
      },
      "voipbuster": {
        "label_id": 14,
        "precision": 0.7233263598326359,
        "recall": 0.8905344494526722,
        "f1": 0.7982683982683982,
        "support": 1553
      },
      "youtube": {
        "label_id": 15,
        "precision": 0.9374401095140314,
        "recall": 0.9119722999067785,
        "f1": 0.9245308491967058,
        "support": 7509
      }
    },
    "confusion_matrix": [
      [
        59,
        0,
        0,
        0,
        77,
        3,
        39,
        0,
        2,
        0,
        29,
        0,
        0,
        0,
        67,
        0
      ],
      [
        3,
        3827,
        18,
        0,
        26,
        9,
        0,
        0,
        0,
        0,
        29,
        0,
        0,
        0,
        2,
        0
      ],
      [
        0,
        46,
        3147,
        0,
        22,
        686,
        33,
        19,
        803,
        0,
        261,
        8,
        0,
        79,
        6,
        10
      ],
      [
        0,
        0,
        26,
        3065,
        0,
        1,
        2,
        0,
        2,
        0,
        11,
        6,
        0,
        0,
        0,
        40
      ],
      [
        58,
        0,
        4,
        0,
        1391,
        2,
        3,
        0,
        0,
        0,
        0,
        0,
        0,
        0,
        2,
        0
      ],
      [
        3,
        12,
        1033,
        1,
        1035,
        14680,
        5,
        1,
        9,
        11,
        213,
        58,
        0,
        2,
        7,
        48
      ],
      [
        315,
        0,
        0,
        0,
        0,
        5,
        797,
        0,
        0,
        0,
        9,
        1,
        0,
        0,
        1,
        0
      ],
      [
        0,
        0,
        0,
        0,
        0,
        29,
        0,
        4245,
        1,
        0,
        0,
        51,
        0,
        74,
        0,
        104
      ],
      [
        0,
        0,
        11,
        1,
        0,
        16,
        2,
        0,
        8353,
        0,
        6,
        0,
        0,
        3,
        0,
        6
      ],
      [
        15,
        0,
        1,
        112,
        0,
        1,
        2,
        8,
        0,
        10415,
        0,
        7,
        0,
        7,
        343,
        3
      ],
      [
        9,
        293,
        1150,
        233,
        93,
        965,
        31,
        41,
        25,
        7,
        15940,
        5,
        0,
        63,
        84,
        173
      ],
      [
        0,
        0,
        1,
        0,
        1,
        42,
        0,
        71,
        7,
        0,
        1,
        716,
        0,
        20,
        0,
        37
      ],
      [
        0,
        6,
        2,
        0,
        0,
        17,
        0,
        0,
        0,
        0,
        8,
        0,
        24534,
        0,
        17,
        0
      ],
      [
        0,
        0,
        3,
        0,
        0,
        54,
        0,
        33,
        27,
        0,
        2,
        34,
        0,
        1850,
        0,
        36
      ],
      [
        27,
        4,
        2,
        0,
        57,
        7,
        57,
        0,
        0,
        0,
        16,
        0,
        0,
        0,
        1383,
        0
      ],
      [
        0,
        0,
        36,
        0,
        2,
        53,
        3,
        78,
        13,
        0,
        1,
        150,
        0,
        325,
        0,
        6848
      ]
    ]
  }
}