{
  "task": "packet-level-classification",
  "sample_unit": "one_packet",
  "method": "mean",
  "inputs": [
    "/tmp/two_tower_runs/packet_level/ustc-app/fold0/test_feature_probs.npz",
    "/tmp/two_tower_runs/packet_level/ustc-app/fold1/test_feature_probs.npz",
    "/tmp/two_tower_runs/packet_level/ustc-app/fold2/test_feature_probs.npz"
  ],
  "metrics": {
    "num_samples": 609477,
    "accuracy": 0.9773248211171217,
    "macro_precision": 0.9848042026306061,
    "macro_recall": 0.9853561883197877,
    "macro_f1": 0.9848701958816448,
    "weighted_precision": 0.9781645947407518,
    "weighted_recall": 0.9773248211171217,
    "weighted_f1": 0.9774279721863948,
    "per_class": {
      "BitTorrent": {
        "label_id": 0,
        "precision": 1.0,
        "recall": 1.0,
        "f1": 1.0,
        "support": 1895
      },
      "Cridex": {
        "label_id": 1,
        "precision": 1.0,
        "recall": 0.9999649792502058,
        "f1": 0.9999824893184843,
        "support": 57109
      },
      "FTP": {
        "label_id": 2,
        "precision": 0.99993355040202,
        "recall": 1.0,
        "f1": 0.9999667740970861,
        "support": 45144
      },
      "Facetime": {
        "label_id": 3,
        "precision": 1.0,
        "recall": 1.0,
        "f1": 1.0,
        "support": 775
      },
      "Geodo": {
        "label_id": 4,
        "precision": 0.9997629095737114,
        "recall": 0.9985791418016482,
        "f1": 0.9991706750704926,
        "support": 21114
      },
      "Gmail": {
        "label_id": 5,
        "precision": 0.9953517198636505,
        "recall": 1.0,
        "f1": 0.9976704457213853,
        "support": 3212
      },
      "Htbot": {
        "label_id": 6,
        "precision": 0.9979868553496358,
        "recall": 0.9997627380034403,
        "f1": 0.9988740073485837,
        "support": 16859
      },
      "Miuref": {
        "label_id": 7,
        "precision": 0.9990913221263062,
        "recall": 0.9988644106291165,
        "f1": 0.9989778534923339,
        "support": 8806
      },
      "MySQL": {
        "label_id": 8,
        "precision": 1.0,
        "recall": 1.0,
        "f1": 1.0,
        "support": 24718
      },
      "Neris": {
        "label_id": 9,
        "precision": 0.8014406852989531,
        "recall": 0.8921235762960823,
        "f1": 0.8443542965233543,
        "support": 41529
      },
      "Nsis-ay": {
        "label_id": 10,
        "precision": 0.9972611077297626,
        "recall": 0.9907618919645257,
        "f1": 0.9940008762764989,
        "support": 29768
      },
      "Outlook": {
        "label_id": 11,
        "precision": 1.0,
        "recall": 0.9994453688297282,
        "f1": 0.9997226074895977,
        "support": 1803
      },
      "SMB": {
        "label_id": 12,
        "precision": 0.9998131856934207,
        "recall": 0.9998896012908157,
        "f1": 0.9998513920320653,
        "support": 117755
      },
      "Shifu": {
        "label_id": 13,
        "precision": 0.9997563352826511,
        "recall": 0.9995127892813642,
        "f1": 0.999634547447923,
        "support": 4105
      },
      "Skype": {
        "label_id": 14,
        "precision": 0.9993390614672836,
        "recall": 1.0,
        "f1": 0.9996694214876033,
        "support": 1512
      },
      "Tinba": {
        "label_id": 15,
        "precision": 1.0,
        "recall": 1.0,
        "f1": 1.0,
        "support": 2484
      },
      "Virut": {
        "label_id": 16,
        "precision": 0.9066131594348299,
        "recall": 0.8285768863419293,
        "f1": 0.8658402698764397,
        "support": 52350
      },
      "Weibo": {
        "label_id": 17,
        "precision": 1.0,
        "recall": 0.9998196248196248,
        "f1": 0.9999098042752773,
        "support": 149688
      },
      "WorldOfWarcraft": {
        "label_id": 18,
        "precision": 1.0,
        "recall": 1.0,
        "f1": 1.0,
        "support": 17567
      },
      "Zeus": {
        "label_id": 19,
        "precision": 0.999734160389898,
        "recall": 0.999822757887274,
        "f1": 0.9997784571757721,
        "support": 11284
      }
    },